CALLE TRABAJADORES SOCIALES,91,COLONIA GUADALUPE DEL MORAL,09040,IZTAPALAPA,CIUDAD DE MEXICO
CALLE NAUYACA,12,COLONIA PEDREGAL DE SANTO DOMINGO,24369,COYOACAN,CIUDAD DE MEXICO
CERRADA ORIENTE 229-A,35,COLONIA AGRICOLA ORIENTAL,08500,IZTACALCO,CIUDAD DE MEXICO
PRIVADA ESTRONCIO,377,COLONIA CUCHILLA PANTITLAN,15610,VENUSTIANO CARRANZA,CIUDAD DE MEXICO
EJE VIAL EJE 5 ORIENTE JAVIER ROJO GOMEZ,560,COLONIA EJIDOS DEL MORAL,09040,IZTAPALAPA,CIUDAD DE MEXICO
CALLE JOSE SIMON BOLIVAR,215,COLONIA INDEPENDENCIA,03630,BENITO JUAREZ,CIUDAD DE MEXICO
AVENIDA INSURGENTES SUR,1216,COLONIA TLACOMECATL DEL VALLE,03200,COYOACAN,CIUDAD DE MEXICO
CALLE PRIMER DINAMO,03,COLONIA PARAJE,10640,LA MAGDALENA CONTRERAS,CIUDAD DE MEXICO
CALLE SEGUNDO DINAMO,04,COLONIA PARAJE,10640,LA MAGDALENA CONTRERAS,CIUDAD DE MEXICO
CALLE ORIENTE 237-C,31,COLONIA AGRICOLA ORIENTAL,08500,IZTACALCO,CIUDAD DE MEXICO
CALLE MAGDALENO ITA,07,COLONIA AMPLIACION LA CONCHITA,13360,TLAHUAC,CIUDAD DE MEXICO
CALLE	SUR 89,247,COLONIA CACAMA,09080,IZTAPALAPA,CIUDAD DE MEXICO
CALLE MANUEL GONZALEZ,380,CONJUNTO HABITACIONAL EMILIZANO ZAPATA,06900,CUAUHTEMOC,CIUDAD DE MEXICO
CALLE JUAN LUCAS DE LASSAGA,54,COLONIA OBRERA,06800,CUAUHTEMOC,CIUDAD DE MEXICO
AVENIDA RIO CHURUBUSCO,274,COLONIA ACACIAS,03240,BENITO JUAREZ,CIUDAD DE MEXICO
CALLE NINGUNO,6,CONJUNTO HABITACIONAL CHINAM-PAC DE JUAREZ,09225,IZTAPALAPA,CIUDAD DE MEXICO
PERIFERICO BOULEVARD PRESIDENTE MANUEL AVILA CAMACHO,166,COLONIA LOMAS DE CHAPULTEPEC SECCION I,11000,MIGUEL HIDALGO,CIUDAD DE MEXICO
AVENIDA SANTA FE,0,COLONIA HUIXQUILUCAN,11520,CUAJIMALPA DE MORELOS,CIUDAD DE MEXICO
CALLE ROMERO DE TORREROS,440,COLONIA SANTA FE,11358,CUAJIMALPA DE MORELOS,CIUDAD DE MEXICO
CALLE BOSQUE DE LOS CIRUELOS,180,COLONIA BOSQUES DE LAS LOMAS,11700,MIGUEL HIDALGO,CIUDAD DE MEXICO
PERIFERICO BOULEVARD PRESIDENTE MANUEL AVILA CAMACHO,138,COLONIA LOMAS DE CHAPULTEPEC SECCION I,11100,MIGUEL HIDALGO,CIUDAD DE MEXICO
CALLE CALERO,76,COLONIA SAN ANGEL INN,01060,ALVARO OBREGON,CIUDAD DE MEXICO
CALLE SHAKESPEARE,39,COLONIA POLANCO CHAPULTEPEC,11560,MIGUEL HIDALGO,CIUDAD DE MEXICO
AVENIDA SANTA FE,170,COLONIA SANTA FE CENTRO,1210,ALVARO OBREGON,CIUDAD DE MEXICO
CALLE LAFAYETTE,36,COLONIA POLANCO,11590,MIGUEL HIDALGO,CIUDAD DE MEXICO
AVENIDA PASEO DE LAS PALMAS,425,COLONIA LOMAS DE CHAPULTEPEC,11000,MIGUEL HIDALGO,CIUDAD DE MEXICO
CALZADA DE GUADALUPE,285,COLONIA GUADALUPE TEPEYAC,07840,GUSTAVO A. MADERO,CIUDAD DE MEXICO
CALLE SAN BORJA,492,COLONIA NARVARTE,03600,BENITO JUAREZ,CIUDAD DE MEXICO
AVENIDA CALZADA GENERAL MARIANO ESCOBEDO,76,COLONIA NUEVA ANZURES,11590,MIGUEL HIDALGO,CIUDAD DE MEXICO
CALLE ANTONIO MAURA,174,COLONIA LA MODERNA,13510,BENITO JUAREZ,CIUDAD DE MEXICO
AVENIDA 1,30,COLONIA EDUCACION,04400,COYOACAN,CIUDAD DE MEXICO
CALLE HUMBOLDT,56,COLONIA CENTRO,06040,CUAUHTEMOC,CIUDAD DE MEXICO
AVENIDA PASEO DE LA REFORMA,389,CUAUHTEMOC,6500,CUAUHTEMOC,CIUDAD DE MEXICO
AVENIDA MIGUEL CERVANTES DE SAAVEDRA,533,COLONIA GRANADA,03800,BENITO JUAREZ,CIUDAD DE MEXICO
CALLE ARSENICO,555,COLONIA MORALES,11559,MIGUEL HIDALGO,CIUDAD DE MEXICO
CALLE LUIS GONZAGA URBINA,17,COLONIA POLANCO IV SECCION,11560,MIGUEL HIDALGO,CIUDAD DE MEXICO
CALLE ENRIQUE REBSAMEN,743,COLONIA NARVARTE PONIENTE,03020,BENITO JUAREZ,CIUDAD DE MEXICO
AVENIDA DEL ARBOL,106,COLONIA EL TRIANGULO,09769,IZTAPALAPA,CIUDAD DE MEXICO
CAMINO A LAS MINAS,09,COLONIA XALPA,03510,IZTAPALAPA,CIUDAD DE MEXICO
CALLE ARQUITECTO JESUS URQUIAGA,39,COLONIA POLANCO CHAPULTEPEC,11580,MIGUEL HIDALGO,CIUDAD DE MEXICO
CERRADA LOMA DE LA PALMA,39,COLONIA POLANCO CHAPULTEPEC,11580,MIGUEL HIDALGO,CIUDAD DE MEXICO
CALLE BOSQUE DE DURAZNOS,69,COLONIA BOSQUES DE LAS LOMAS,11700,MIGUEL HIDALGO,CIUDAD DE MEXICO
CALLE MARAVATIO,227,COLONIA CLAVERIA,02080,AZCAPOTZALCO,CIUDAD DE MEXICO
AVENIDA GENERAL PEDRO ANTONIO DE LOS SANTOS,02,COLONIA SAN MIGUEL CHAPULTEPEC,11850,MIGUEL HIDALGO,CIUDAD DE MEXICO
AVENIDA MOLIERE,222,COLONIA LOS MORALES SECCION PALMAS,11540,MIGUEL HIDALGO,CIUDAD DE MEXICO
AVENIDA HOMERO,231,COLONIA POLANCO,11540,MIGUEL HIDALGO,CIUDAD DE MEXICO
CALLE LUZ SAVINON,13,COLONIA DEL VALLE NORTE,3103,BENITO JUAREZ,CIUDAD DE MEXICO
CALLE SAN MARCOS,130,COLONIA LA JOYA,14000,TLALPAN,CIUDAD DE MEXICO
CALLE PALENQUE SAN BORJA,421,COLONIA VERTIZ NARVARTE,03600,BENITO JUAREZ,CIUDAD DE MEXICO
AVENIDA DE LAS PALMAS,820,COLONIA LOMAS DE CHAPULTEPEC,11000,MIGUEL HIDALGO,CIUDAD DE MEXICO
CALLE DURANGO,263,COLONIA ROMA NORTE,06700,CUAUHTEMOC,CIUDAD DE MEXICO
AVENIDA DEL IMAN,263,COLONIA AJUSCO,04300,COYOACAN,CIUDAD DE MEXICO
AVENIDA INSURGENTES SUR,682,COLONIA DEL VALLE NORTE,03103,BENITO JUAREZ,CIUDAD DE MEXICO
CALLE ARTICULO 123,56,COLONIA CENTRO,06040,CUAUHTEMOC,CIUDAD DE MEXICO
AVENIDA SECRETARIA DE MARINA,458,COLONIA LOMAS DEL CHAMIZAL,05129,CUAJIMALPA DE MORELOS,CIUDAD DE MEXICO
EJE 5 SUR (EUGENIA),421,COLONIA VERTIZ NARVARTE,03600,BENITO JUAREZ,CIUDAD DE MEXICO
CALLE BAHIA DE SAN HIPOLITO,12,COLONIA HUASTECA,11311,MIGUEL HIDALGO,CIUDAD DE MEXICO
AVENIDA BALDERAS,56,COLONIA CENTRO,06040,CUAUHTEMOC,CIUDAD DE MEXICO
CALLE NARCISO MENDOZA,56,COLONIA CENTRO,06040,CUAUHTEMOC,CIUDAD DE MEXICO
CALLE SINALOA,263,COLONIA ROMA,06700,CUAUHTEMOC,CIUDAD DE MEXICO
AVENIDA BRAULIO MALDONADO,556, COLONIA CONSEJO AGRARISTA MEXICANO, 09360, IZTAPALAPA,CIUDAD DE MEXICO
CALLE BAHIA DE BANDERAS,923,COLONIA CIUDAD HUASTECA,11311,MIGUEL HIDALGO,CIUDAD DE MEXICO
AVENIDA EJECITO NACIONAL MEXICANO,11,COLONIA LOS MORALES,11510,MIGUEL HIDALGO,CIUDAD DE MEXICO
ANDADOR PRIVADA DEL CASTILLON,421,COLONIA VERTIZ NARVARTE,03600,BENITO JUAREZ,CIUDAD DE MEXICO
CALLE F.C. DE CUERNAVACA,40,COLONIA LOMAS DE CHAPULTEPEC,11000,MIGUEL HIDALGO,CIUDAD DE MEXICO
CALLE JUAN RACINE,1133,COLONIA LOS MORALES,11510,MIGUEL HIDALGO,CIUDAD DE MEXICO
CALLE SIERRA MOJADA,405,COLONIA LOMAS DE CHAPULTEPEC I SECCION,11000,MIGUEL HIDALGO,CIUDAD DE MEXICO
EJE 8 SUR (CALZADA ERMITA IZTAPALAPA),07,COLONIA SANTA CRUZ MEYEHUALCO,09290,IZTAPALAPA,CIUDAD DE MEXICO
CIRCUITO INTERIOR (AVENIDA RIO CHURUBUSCO),00,COLONIA GABRIEL RAMOS MILLAN,08730,IZTACALCO,CIUDAD DE MEXICO
CALLE FRANCISCO CANO,14,COLONIA EJERCITO DE ORIENTE,09230,IZTAPALAPA,CIUDAD DE MEXICO
BOULEVARD TEMOLUCO,27,RESIDENCIAL ACUEDUCTO DE GUADALUPE,07270,GUSTAVO A. MADERO,CIUDAD DE MEXICO
CALLE ACUEDUCTO DE GUADALUPE,03,RESIDENCIAL ACUEDUCTO DE GUADALUPE,07270,GUSTAVO A. MADERO,CIUDAD DE MEXICO
CALLE LIMANTITLA,04,COLONIA CENTRO DE TLALPAN,14000,TLALPAN,CIUDAD DE MEXICO
CALLE DOCTOR PASCUA,09,COLONIA DOCTORES,06720,CUAUHTEMOC,CIUDAD DE MEXICO
AVENIDA PRESIDENTE MASARYK,101,COLONIA CHAPULTEPEC MORALES,11560,MIGUEL HIDALGO,CIUDAD DE MEXICO
CALZADA DE LAS AGUILAS,03,COLONIA AMPLIACION LAS AGULAS,1759,ALVARO OBREGON,CIUDAD DE MEXICO
CALLE DIEGO NAVARIVA,476,COLONIA PRESIDENTES EJIDALES,04470,COYOACAN,CIUDAD DE MEXICO
CALLE PENSADOR MEXICANO,24,COLONIA GUERRERO,06300,CUAUHTEMOC,CIUDAD DE MEXICO
EJE VIAL CENTRAL (LAZARO CARDENAS),16,COLONIA GUERRERO,06300,CUAUHTEMOC,CIUDAD DE MEXICO
AVENIDA 5 DE MAYO,06,COLONIA MERCED GOMEZ,01600,ALVARO OBREGON,CIUDAD DE MEXICO
CALLE SEBASTIAN LERDO DE TEJADA,08,COLONIA PRADO COAPA 1A SECCION,14350,TLALPAN,CIUDAD DE MEXICO
CALLE ACUEDUCTO SAN GREGORIO ATLAPULCO,05,PUEBLO SAN GREGORIO ATLAPULCO,16500,XOCHIMILCO,CIUDAD DE MEXICO
CALLE 16 DE SEPTIEMBRE,01,COLONIA SAN ANDRES TOTOLTEPEC,14400,TLALPAN,CIUDAD DE MEXICO
CALLE DZEMUL,02,COLONIA PEDREGAL DE SAN NICOLAS TERCERA SECCION,14100,TLALPAN,CIUDAD DE MEXICO
AVENIDA NUEVA XOCHIMILCO-TULYEHUALCO,07,COLONIA XOCHIPILLI,16430,XOCHIMILCO,CIUDAD DE MEXICO
CALLE NICOLAS SAN JUAN,08,COLONIA PIEDAD NARVARTE,03000,BENITO JUAREZ, CIUDAD DE MEXICO
CALLE 12,16,COLONIA GRANJAS DE SAN ANTONIO,09070,IZTAPALAPA,CIUDAD DE MEXICO
AVENIDA DE LAS NACIONES,38,COLONIA NAPOLES,03813,BENITO JUAREZ,CIUDAD DE MEXICO
AVENIDA RIO GUADALUPE,54,COLONIA SAN PEDRO EL CHICO,07450,GUSTAVO A. MADERO,CIUDAD DE MEXICO
CALLE ALFONSO REYES,25,COLONIA CONDESA,06140,CUAUHTEMOC,CIUDAD DE MEXICO
CALLE SAN DIEGO,21,PUEBLO SAN JERONIMO MIACATLAN,12600,MILPA ALTA,CIUDAD DE MEXICO
CALLE ANTIGUO CANAL CUEMANCO,13,COLONIA CUEMANCO XOCHIMILCO,16034,XOCHIMILCO,CIUDAD DE MEXICO
SEGUNDA CERRADA JAVIER ROJO GOMEZ,69,COLONIA BARRIO SAN MIGUEL,09360,IZTAPALAPA,CIUDAD DE MEXICO
AVENIDA TELECOMUNICACIONES,79,COLONIA LEYES DE REFORMA,09310,IZTAPALAPA,CIUDAD DE MEXICO
CALLE CUAUHTEMOC,36,COLONIA GUADALUPE DEL MORAL,09040,IZTAPALAPA,CIUDAD DE MEXICO
AVENIDA DEL PARAISO,56,COLONIA EJIDOS DE SAN PEDRO MARTIR,14640,TLALPAN,CIUDAD DE MEXICO
AVENIDA CANAL NACIONAL,08,COLONIA CTM CULHUACAN SECCION 8,04480,COYOACAN,CIUDAD DE MEXICO
CALLE PINO,20,BARRIO DE SAN ESTEBAN,16080,XOCHIMILCO,CIUDAD DE MEXICO
AVENIDA 5 DE MAYO,40,BARRIO DE SANTIAGUITO APOSTOL,16700,XOCHIMILCO,CIUDAD DE MEXICO
CALLE EMILIANO ZAPATA,50,PUEBLO DE SAN NICOLAS TETELCO,13700,TLAHUAC,CIUDAD DE MEXICO
CALLE 16 DE SEPTIEMBRE,01,PUEBLO SAN LUIS TLAXIALTEMALCO,16610,XOCHIMILCO,CIUDAD DE MEXICO
CALLE ESCARCHA (NORTE 3), 02, COLONIA SAN JOSE,13020,CIUDAD DE MEXICO,TLAHUAC,TLAHUAC
AVENIDA MINAS 39,501,COLONIA REACOMODO EL CUERNITO,1280,ALVARO OBREGON,CIUDAD DE MEXICO
PASEO DE LOS TAMARINDOS,90,CIUDAD BOSQUES DE LAS LOMAS,5120,CUAJIMALPA DE MORELOS,CIUDAD DE MEXICO
PASEO DE LOS TAMARINDOS,80,COLONIA BOSQUES DE LAS LOMAS,CUAJIMALPA DE MORELOS,CIUDAD DE MEXICO
PASEO DE LOS TAMARINDOS,BOSQUE DE ALISOS,CALLE Z,90,COLONIA BOSQUES DE LAS LOMAS,CUAJIMALPA DE MORELOS,CIUDAD DE MEXICO
PASEO DE LA REFORMA,CALLE RIO ATOYAC,505,PROLONGACION PASEO DE LA REFORMA,6500,CUAUHTEMOC,CIUDAD DE MEXICO
CALLE NAUTLA,0,COLONIA EL RODEO,9850,IZTAPALAPA,CIUDAD DE MEXICO
PASEO DE LA REFORMA,,RIO ELBA,505,PROLONGACION,PASEO DE LA REFORMA,6500,CUAUHTEMOC,CIUDAD DE MEXICO
PASEO DE LA REFORMA,CALLE RIO RODANDO,505,PROLONGACION PASEO DE LA REFORMA,6500,CUAUHTEMOC,CIUDAD DE MEXICO
PASEO DE LA REFORMA,CALLE RIO ATOYAC,505,PROLONGACION PASEO DE LA REFORMA,6500,CUAUHTEMOC,CIUDAD DE MEXICO
AVENIDA ROMULO OFARRIL,372,COLONIA MIGUEL HIDALGO,1789,ALVARO OBREGON,CIUDAD DE MEXICO
AVENIDA ANDRES MOLINA ENRIQUEZ (EJE 1 ORIENTE),977,COLONIA EL RETO,9440,IZTAPALAPA,CIUDAD DE MEXICO
CALZADA DEL HUESO,960,COLONIA VILLA QUIETUD,4960,COYOACAN,CIUDAD DE MEXICO
AVENIDA EJE 5 SUR,0,COLONIA LEYES DE REFORMA,9310,IZTAPALAPA,CIUDAD DE MEXICO
AVENIDA FRAY SERVANDO TERESA DE MIER,0,COLONIA JARDIN BALBUENA,15900,VENUSTIANO CARRANZA,CIUDAD DE MEXICO
CERRADA MILITARES,560,COLONIA GUADALUPE DEL MORAL,CENTRAL DE ABASTO,CENTRAL DE ABASTOS DE LA CIUDAD DE MEXICO,9040,IZTAPALAPA,CIUDAD DE MEXICO
AVENIDA INSURGENTES SUR,1391,COLONIA INSURGENTES MIXCOAC,3920,BENITO JUAREZ,CIUDAD DE MEXICO
CALLE ERNESTO DOMINGUEZ ,1100,COLONIA CENTRO DE SANTA FE,1210,ALVARO OBREGON,CIUDAD DE MEXICO
CALZADA TICOMAN,857,COLONIA SANTA MARIA TICOMAN,7330,GUSTAVO A. MADERO,CIUDAD DE MEXICO
AVENIDA ANDRES MOLINA ENRIQUEZ (EJE 1 ORIENTE),977,COLONIA EL RETO,9440,IZTAPALAPA,CIUDAD DE MEXICO
CALLE ELECTRICISTAS,204,COLONIA 20 DE NOVIEMBRE,15300,VENUSTIANO CARRANZA,CIUDAD DE MEXICO
AVENIDA PASEO DE LAS PALMAS,239,COLONIA LOMAS DE CHAPULTEPEC III SECCION,11000,MIGUEL HIDALGO,CIUDAD DE MEXICO
CIRCUITO BICENTENARIO (BOULEVARD PUERTO AEREO),270,COLONIA SANTA CRUZ AVIACION,15710,VENUSTIANO CARRANZA,CIUDAD DE MEXICO
AVENIDA SONORA,202,COLONIA ROMA NORTE,6700,CUAUHTEMOC,CIUDAD DE MEXICO
AVENIDA DIVISION DEL NORTE,2237,COLONIA EL ROSEDAL,4330,COYOACAN,CIUDAD DE MEXICO
AVENIDA JOSE MARIA CASTORENA,425,COLONIA CUAJIMALPA,5000,CUAJIMALPA DE MORELOS,CIUDAD DE MEXICO
AVENIDA CANAL DE MIRAMONTES,123,COLONIA RESIDENCIAL ACOXPA,14300,TLALPAN,CIUDAD DE MEXICO
CALLE ESTRELLA,03,COLONIA EL RODEO,9850,IZTAPALAPA,CIUDAD DE MEXICO
CALLE PARAISO,3417,COLONIA XALPA,09640,IZTAPALAPA,CIUDAD DE MEXICO
AVENIDA SAN LORENZO,06,COLONIA EL RODEO,09850,IZTAPALAPA,CIUDAD DE MEXICO
CALLE UNION,04,COLONIA AGRICOLA PANTITLAN,08100,IZTACALCO,CIUDAD DE MEXICO
AVENIDA MIGUEL OTHON DE MENDIZABAL ORIENTE,166,UNIDAD HABITACIONAL PONIENTE 152,7720,GUSTAVO A. MADERO,CIUDAD DE MEXICO
CALLE CLAUDIO BERNARD,70,COLONIA DOCTORES,06720,CUAUHTEMOC,CIUDAD DE MEXICO
AVENIDA DOCTOR JOSE MARIA VERTIZ,98,COLONIA DOCTORES,06720,CUAUHTEMOC,CIUDAD DE MEXICO
AVENIDA RICARDO FLORES MAGON,130,COLONIA GUERRERO,06300,CUAUHTEMOC,CIUDAD DE MEXICO
CALLE SAN PEDRO ACTOPAN,90,COLONIA SAN GREGORIO ATLAPULCO,16600,XOCHIMILCO,CIUDAD DE MEXICO
CARRETERA FEDERAL A CUERNAVACA,5625,COLONIA SAN PEDRO MARTIR,14650,TLALPAN,CIUDAD DE MEXICO
AVENIDA CENTRAL DE ABASTOS,110,COLONIA EJIDOS DEL MORAL,09040,IZTAPALAPA,CIUDAD DE MEXICO
CALZADA DE GUADALUPE,37,COLONIA GUADALUPE TEPEYAC,07840,GUSTAVO A. MADERO,CIUDAD DE MEXICO
AVENIDA 20 DE NOVIEMBRE,139,COLONIA TIERRA NUEVA,16030,XOCHIMILCO,CIUDAD DE MEXICO
CALLE TLAPALEROS,23,COLONIA EJIDOS DEL MORAL,09040,IZTAPALAPA,CIUDAD DE MEXICO
CIRCUITO BICENTENARIO JOSE VASCONCELOS,0,COLONIA CONDESA,06140,CUAUHTEMOC,CIUDAD DE MEXICO
CALLE ALBAÑILES,12,UNIDAD HABITACIONAL EL ROSARIO,2100,AZACAPOTZALCO,CIUDAD DE MEXICO
CALLE CONCEPCION BEISTEGUI,197,COLONIA NARVERTE ORIENTE,3020,BENITO JUAREZ,CIUDAD DE MEXICO
CALLE LUIS VIVES,08,COLONIA LOS MORALES POLANCO,41800,MIGUEL HIDALGO,CIUDAD DE MEXICO
CALLE TEMISTOCLES,246,COLONIA POLANCO REFORMA,11550,MIGUEL HIDALGO,CIUDAD DE MEXICO
CALLE JOSE J. JASSO,07,COLONIA MOCTEZUMA 1A SECCION,15500,VENUSTIANO CARRANZA,CIUDAD DE MEXICO
CALLE LAGO PATZCUARO,01,COLONIA ANAHUAC,11320,MIGUEL HIDALGO,CIUDAD DE MEXICO
CALLE RIO LERMA,14,COLONIA CUAUHTEMOC,06500,CUAUHTEMOC,CIUDAD DE MEXICO
CALZADA SAN SIMON,234,COLONIA ATLAMPA,06450,CUAUHTEMOC,CIUDAD DE MEXICO
PROLONGACION TOPACIO,07,COLONIA VISTA ALEGRE,06860,CUAUHTEMOC,CIUDAD DE MEXICO
CALLE PRESA FALCON,06,COLONIA AMPLIACION GRANADA,11529,MIGUEL HIDALGO,CIUDAD DE MEXICO
CALLE GRANJAS,300,COLONIA JARDIN AZPEITIA,02530,AZACAPOTZALCO,CIUDAD DE MEXICO
AVENIDA MIGUEL ANGEL DE QUEVEDO,560,COLONIA OXTOPULCO,04318,COYOACAN,CIUDAD DE MEXICO
CALLE TLALOC,60,COLONIA CONTADERO,05500,CUAJIMALPA DE MORELOS,CIUDAD DE MEXICO
AVENIDA SANTA ANA,294,COLONIA EJIDO DE SAN FRANCISCO CULHUACAN,04420,COYOACAN,CIUDAD DE MEXICO
CALLE LLANURA,3177,COLONIA INSURGENTES CUICUILCO,04530,COYOACAN,CIUDAD DE MEXICO
EJE CENTRAL LAZARO CARDENAS,197,COLONIA NARVARTE ORIENTE,03020,BENITO JUAREZ,CIUDAD DE MEXICO
CALLE AUGUSTO RODIN,265,COLONIA SAN JUAN MIXCOAC,03730,BENITO JUAREZ,CIUDAD DE MEXICO
CIRCUITO INTERIOR (AVENIDA REVOLUCION),825,COLONIA NONOALCO,3700,BENITO JUAREZ,CIUDAD DE MEXICO
CIRCUITO INTERIOR (AVENIDA RIO CHURUBUSCO),04,COLONIA XOCO,3330,BENITO JUAREZ,CIUDAD DE MEXICO
CALLE MARTIN MENDALDE,1789,COLONIA ACACIAS,3240,BENITO JUAREZ,CIUDAD DE MEXICO
CALLE MIER Y PESADO,724,COLONIA DEL VALLE NORTE,3103,BENITO JUAREZ,CIUDAD DE MEXICO
CALLE RIO DE LA PLATA,71,COLONIA CUAUHTEMOC,6500,CUAUHTEMOC,CIUDAD DE MEXICO
PROLONGACION DE LAUREL,0,COLONIA SAN PEDRO MARTIR,14650,TLALPAN,CIUDAD DE MEXICO
CALLE BOULEVARD PICACHO AJUSCO,201,COLONIA AMPLIACION MIGUEL HIDALGO CUARTA SECCION,14250,TLALPAN,CIUDAD DE MEXICO
CALZADA INSURGENTES SUR,3702,COLONIA TLALPAN CENTRO,14000,TLALPAN,CIUDAD DE MEXICO
CALLE PUENTE DE PIEDRA,21,COLONIA TORIELLO GUERRA,14050,TLALPAN,CIUDAD DE MEXICO
CALLE ALBERTO M. GONZALEZ,2186,COLONIA CONSTITUCION DE 1917,9660,IZTAPALAPA,CIUDAD DE MEXICO
AVENIDA EJE 8 SUR (CALZADA ERMITA IZTAPALAPA),1635,COLONIA EL MANTO,9830,IZTAPALAPA,CIUDAD DE MEXICO
CALLE ORIENTE 257,06,COLONIA AGRICOLA ORIENTAL,8500,IZTACALCO,CIUDAD DE MEXICO
CALLE HUITZITL,06,COLONIA SANTA ISABEL TOLA,7010,GUSTAVO A. MADERO,CIUDAD DE MEXICO
AVENIDA MIGUEL OTHEN DE MENDIZABAL ORIENTE,343,COLONIA NUEVA INDUSTRIAL VALLEJO,7700,GUSTAVO A. MADERO,CIUDAD DE MEXICO
CALZADA VALLEJO EJE 1 PONIENTE,2004,COLONIA SAN JOSE DE LA ESCALERA,7630,GUSTAVO A. MADERO,CIUDAD DE MEXICO
CALLE CUAUHTEMOC,2004,COLONIA SAN JOSE DE LA ESCALERA,7630,GUSTAVO A. MADERO,CIUDAD DE MEXICO
CALLE ALVARO OBREGON,07,COLONIA SANTA ANITA,8300,IZTACALCO,CIUDAD DE MEXICO
CALLE MIER Y PESADO,41,COLONIA ARAGON LA VILLA,7000,GUSTAVO A. MADERO,CIUDAD DE MEXICO
CALZADA VALLEJO,341,COLONIA HEROES DE NACOZARI,7780,GUSTAVO A. MADERO,CIUDAD DE MEXICO
CALLE GOMA,465,COLONIA GRANJAS MEXICO,8400,IZTACALCO,CIUDAD DE MEXICO
AVENIDA CALZADA DE TLALPAN,474,COLONIA VIADUCTO PIEDAD,8200,IZTACALCO,CIUDAD DE MEXICO
CALZADA DE LAS AGUILAS,807,COLONIA AMPLIACION LAS AGUILAS,1740,ALVARO OBREGON,CIUDAD DE MEXICO
CALLE SAN JUAN,585,COLONIA OLIVAR DE LOS PADRES,1780,ALVARO OBREGON,CIUDAD DE MEXICO
CALLE AQUILES SERDAN,102,BARRIO SAN MATEO,13040,TLAHUAC,CIUDAD DE MEXICO
CALLE HEROES FERROCARRILEROS,326,COLONIA CENTRO,06400,CUAUHTEMOC,CIUDAD DE MEXICO
CALLE LUCERNA,164,COLONIA JUAREZ,06600,CUAUHTEMOC,CIUDAD DE MEXICO
CALLE VIENA,163,COLONIA JUAREZ,06600,CUAUHTEMOC,CIUDAD DE MEXICO
CALLE LAGO XOCHIMILCO,251,COLONIA ANAHUAC,11320,MIGUEL HIDALGO,CIUDAD DE MEXICO
CALLE ANTIGUO CAMINO XOCHIMILCO-TULYEHUALCO,04,COLONIA SAN LUIS TLAXIALTEMALCO,16610,XOCHIMILCO,CIUDAD DE MEXICO
CALLE VENUSTIANO CARRANZA,24,COLONIA CENTRO,6000,CUAUHTEMOC,CIUDAD DE MEXICO
AVENIDA CAMINO A SANTA FE,520,COLONIA CUEVITAS,1220,ALVARO OBREGON,CIUDAD DE MEXICO
AVENIDA DEL IMAN,03,COLONIA EL CARACOL,4739,COYOACAN,CIUDAD DE MEXICO
CALLE PAZ,3254,COLONIA SANTA MARTHA ACATITLA,9510,IZTAPALAPA,CIUDAD DE MEXICO
AVENIDA INSURGENTES NORTE,1070,COLONIA TLACAMACA,7370,GUSTAVO A. MADERO,CIUDAD DE MEXICO
AVENIDA INSURGENTES NORTE,1072,COLONIA TLACAMACA,7370,GUSTAVO A. MADERO,CIUDAD DE MEXICO
AVENIDA INSURGENTES NORTE,1074,COLONIA TLACAMACA,7370,GUSTAVO A. MADERO,CIUDAD DE MEXICO
AVENIDA RIO CHURUBUSCO,06,COLONIA EJIDOS DEL MORAL,9040,IZTAPALAPA,CIUDAD DE MEXICO
CALLE GUILLERMO PRIETO,65,COLONIA SAN RAFAEL,6470,CUAUHTEMOC,CIUDAD DE MEXICO
AVENIDA PACIFICO,265,PUEBLO LOS REYES,4330,COYOACAN,CIUDAD DE MEXICO
AVENIDA INSURGENTES NORTE,1078,COLONIA TLACAMACA,7370,GUSTAVO A. MADERO,CIUDAD DE MEXICO
CALLE COLCHAHUAC,11,COLONIA SANTA ISABEL TOLA,07010,GUSTAVO A. MADERO,CIUDAD DE MEXICO
CALLE MIGUEL NEGRETE,102,COLONIA CENTRO,15100,VENUSTIANO CARRANZA,CIUDAD DE MEXICO
CIRCUITO BICENTENARIO (CALZADA MELCHOR OCAMPO),469,COLONIA ANZURES,11590,MIGUEL HIDALGO,CIUDAD DE MEXICO
CALLE RETORNO 24 DE GENARO GARCIA,17,COLONIA JARDIN BALBUENA,15900,VENUSTIANO CARRANZA,CIUDAD DE MEXICO
CALLE COLORADO,619,COLONIA NAPOLES,03810,BENITO JUAREZ,CIUDAD DE MEXICO
CALLE FELIPE ANGELES,04,COLONIA SAN JUAN TEPEPAN,16020,XOCHIMILCO,CIUDAD DE MEXICO
CALLE FELIPE CARRILLO PUERTO,422,COLONIA SAN JUANICO,11440,MIGUEL HIDALGO,CIUDAD DE MEXICO
AVENIDA INSURGENTES NORTE,1270,COLONIA CAPULTITLAN,03700,GUSTAVO A. MADERO,CIUDAD DE MEXICO
CALLE MIGUEL NEGRETE,11,COLONIA CENTRO,15100,VENUSTIANO CARRANZA,CIUDAD DE MEXICO
CALLE CHIMALPOPOCA,159,COLONIA DOCTORES,06720,CUAUHTEMOC,CIUDAD DE MEXICO
CALLE CUMBRES DE MALTRATA,155,COLONIA NARVARTE ORIENTE,03200,BENITO JUAREZ,CIUDAD DE MEXICO
CALLE FERROCARRIL DE CUERNAVACA,36,COLONIA LOMAS DE CHAPULTEPEC,11000,MIGUEL HIDALGO,CIUDAD DE MEXICO
CALLE AURELIANO RIVERA,02,PUEBLO SANTO TOMAS AJUSCO,14710,TLALPAN,CIUDAD DE MEXICO
CALLE ANDADOR CHABACANO,08,COLONIA LA PLANTA,09960,IZTAPALAPA,CIUDAD DE MEXICO
CALLE ZAPOTECAS,30,COLONIA PEDREGAL SANTA URSULA XITLA,14438,TLALPAN,CIUDAD DE MEXICO
CALLE MAESTRO ANTONIO CASO,171,COLONIA SAN RAFAEL,06470,CUAUHTEMOC,CIUDAD DE MEXICO
CALLE MANUEL MARIA CONTRERAS,117,COLONIA SAN RAFAEL,06470,CUAUHTEMOC,CIUDAD DE MEXICO
AVENIDA SAN LORENZO,312,COLONIA SAN JUAN XALPA,09850,IZTAPALAPA,CIUDAD DE MEXICO
CALLE GANADEROS,129,COLONIA LOS CIPRESES,09810,IZTAPALAPA,CIUDAD DE MEXICO
AVENIDA APATLACO,1285,COLONIA SAN JOSE ACULCO,09410,IZTAPALAPA,CIUDAD DE MEXICO
CALLE HAMBURGO,342,COLONIA JUAREZ,31720,CUAUHTEMOC,CIUDAD DE MEXICO
AVENIDA TECNOLOGICO,324,COLONIA CIUDAD JUAREZ,02634,CUAUHTEMOC,CIUDAD DE MEXICO
CALLE CADIZ,1377,COLONIA INSURGENTES MIXCOAC,03920,BENITO JUAREZ,CIUDAD DE MEXICO
CALLE DOCTOR GASTON MELO,06,PUEBLO SAN ANTONIO TECOMITL,12100,MILPA ALTA,CIUDAD DE MEXICO
CALLE RIO ELBA,505,PROLONGACION PASEO DE LA REFORMA,06500,CUAUHTEMOC,CIUDAD DE MEXICO
CALLE NIZA,250,COLONIA CIUDAD JUAREZ,06600,CUAUHTEMOC,CIUDAD DE MEXICO
PASEO DE LOS GUTIERRITOS,255,COLONIA CIUDAD JUAREZ,06600,CUAUHTEMOC,CIUDAD DE MEXICO
CALLE RIO PAPALOAPAN,77,COLONIA CUAUHTEMOC,06500,CUAUHTEMOC,CIUDAD DE MEXICO
AVENIDA CALZADA GENERAL IGNACIO ZARAGOZA,01,COLONIA AGRICOLA PANTITLAN,08100,IZTACALCO,CIUDAD DE MEXICO
CALLE PENSADOR MEXICANO,21,COLONIA GUERRERO,06300,CUAUHTEMOC,CIUDAD DE MEXICO
CALLE SAVONA,123,COLONIA RESIDENCIAL ACOXPA,14300,TLALPAN,CIUDAD DE MEXICO
CALLE SUR 21,21,COLONIA LEYES DE REFORMA PRIMERA SECCION,09310,IZTAPALAPA,CIUDAD DE MEXICO
CALLE LAGO ISEO,236,COLONIA ANAHUAC,11320,MIGUEL HIDALGO,CIUDAD DE MEXICO
AVENIDA DE LAS GRANJAS,25,COLONIA SANTA CATARINA,02050,AZCAPOTZALCO,CIUDAD DE MEXICO
CALLE MONTES URALES NORTE,760,COLONIA LOMAS DE CHAPULTEPEC,11000,MIGUEL HIDALGO,CIUDAD DE MEXICO
CALLE INSTITUTO DEL PETROLEO,155,COLONIA LOMAS DE CHAPULTEPEC I SECCION,11000,MIGUEL HIDALGO,CIUDAD DE MEXICO
CALLE SAN JUAN DE DIOS,4585,COLONIA TORIELLO GUERRA,14050,TLALPAN,CIUDAD DE MEXICO
BOULEVARD PRESIDENTE MANUEL AVILA CAMACHO,24,COLONIA LOMAS DE CHAPULTEPEC,11000,MIGUEL HIDALGO,CIUDAD DE MEXICO
PRIVADA DEL CASTILLO,23,COLONIA REFORMA,11100,MIGUEL HIDALGO,CIUDAD DE MEXICO
CERRADA LUIS ECHEVERRIA,22,COLONIA LOMAS DE CHAPULTEPEC,11000,MIGUEL HIDALGO,CIUDAD DE MEXICO
CARRETERA FEDERAL MEXICO-TOLUCA,1725,COLONIA PALO ALTO,05110,CUAJIMALPA DE MORELOS,CIUDAD DE MEXICO
AVENIDA PUERTO MAZATLAN,10,COLONIA LA PASTORA,07290,GUSTAVO A. MADERO,CIUDAD DE MEXICO
AVENIDA ANILLO PERIFERICO (CANAL DE GARAY),06,UNIDAD FOVISSSTE SAN LORENZO TEZONCO II,09860,IZTAPALAPA,CIUDAD DE MEXICO
AVENIDA FRANCISCO DEL PASO Y TRONCOSO,09,COLONIA MAGDALENA ATLAZOLPA,09410,IZTAPALAPA,CIUDAD DE MEXICO
CALLE WAKE,282,COLONIA ELECTRICISTAS,02060,AZCAPOTZALCO,CIUDAD DE MEXICO
CALLE EJE 3 ORIENTE (GEOGRAFOS),07,COLONIA ACULCO,09410,IZTAPALAPA,CIUDAD DE MEXICO
CALLE FELIPE CARRILLO PUERTO,100,COLONIA SOLIDARIDAD NACIONAL,07268,GUSTAVO A. MADERO,CIUDAD DE MEXICO
CALLE TLAZINTLA,102,COLONIA BARRIO LOS REYES,08710,IZTACALCO,CIUDAD DE MEXICO
AVENIDA MANANTIALES DE MONTEALEGRE,05,PARAJE MANANTIALES DE MONTEALEGRE,10928,LA MAGADALENA CONTRERAS, CIUDAD DE MEXICO
BOULEVARD PRESIDENTE MANUEL AVILA CAMACHO,36,COLONIA LOMAS DE CHAPULTEPEC,11000,MIGUEL HIDALGO,CIUDAD DE MEXICO
CALZADA DE GUADALUPE,0,COLONIA TEPEYAC INSURGENTES,7020,CIUDAD DE MEXICO,Gustavo A. Madero,Gustavo A. Madero
CALLE MALINTZIN,0,COLONIA TEPEYAC INSURGENTES,7020,CIUDAD DE MEXICO,Gustavo A. Madero,Gustavo A. Madero
CALLE NORTE 94,0,COLONIA GERTRUDIS SANCHEZ,7969,CIUDAD DE MEXICO,Gustavo A. Madero,Gustavo A. Madero
AVENIDA TLAHUAC,0,COLONIA,ZAPOTITLA,13220,CIUDAD DE MEXICO,Tlahuac,Tlahuac
CALLE VELAZQUEZ DE LEON,171,COLONIA SAN RAFAEL,6470,CIUDAD DE MEXICO,Cuauhtemoc,Cuauhtemoc
CALLE JUSTO SIERRA,9,BARRIO SAN PEDRO,16090,CIUDAD DE MEXICO,Xochimilco,Xochimilco
AVENIDA GRAN CANAL DEL DESAGUE,0,COLONIA UNIDAD EL COYOL,7420,CIUDAD DE MEXICO,Gustavo A. Madero,Gustavo A. Madero
CALLE FRANCISCO DIAZ COVARRUBIAS,171,COLONIA,SAN RAFAEL,6470,CIUDAD DE MEXICO,Cuauhtemoc,Cuauhtemoc
CALLE EL GAVILLERO,0,COLONIA,SUBESTACION,10900,CIUDAD DE MEXICO,La Magdalena Contreras,La Magdalena Contreras
CALLE ZACAPA,0,PUEBLO SANTA MARIA NATIVITAS,16420,CIUDAD DE MEXICO,Xochimilco,Xochimilco
AVENIDA PROLONGACION DIVISION DEL NORTE,0,COLONIA EX HACIENDA SAN JUAN DE DIOS,14387,CIUDAD DE MEXICO,Tlalpan,Tlalpan
CALLE ESTADO DE MEXICO,200,COLONIA LOMA LA PALMA,7160,CIUDAD DE MEXICO,Gustavo A. Madero,Gustavo A. Madero
CALZADA TAXQUEÑA,0,COLONIA BARRIO TULA,9800,CIUDAD DE MEXICO,Iztapalapa,Iztapalapa
AVENIDA DE LAS TORRES,0,COLONIA SANTIAGO ACHUALTEPEC,9608,CIUDAD DE MEXICO,Iztapalapa,Iztapalapa
CALLE EJIDO,0,COLONIA,SAN JUAN TEPEPAN,16020,CIUDAD DE MEXICO,Xochimilco,Xochimilco
AVENIDA JUÃREZ,90,COLONIA,CENTRO,6040,CIUDAD DE MEXICO,Cuauhtemoc,Cuauhtemoc
CALLE LIBERTAD,38,BARRIO LIBERTAD,9000,CIUDAD DE MEXICO,Iztapalapa,Iztapalapa
CALLE FEDERACION MEXICANA DE FUTBOL ASOCIACION,AVENIDA EJIDO,430,COLONIA EX HACIENDA COAPA,PASEO ACOXPA,14300,CIUDAD DE MEXICO,Tlalpan,Tlalpan
CALLE CANARIO,0,COLONIA TOLTECA,1150,CIUDAD DE MEXICO,Alvaro Obregon,Alvaro Obregon
AVENIDA CANAL NACIONAL,66,BARRIO,LA MAGDALENA CULHUACAN,CIUDAD DE MEXICO,Coyoacan,Coyoacan
CALLE PROLONGACION SANTA CRUZ,88,PUEBLO,SAN MIGUEL TOPILEJO,14500,CIUDAD DE MEXICO,Tlalpan,San Miguel Topilejo
AVENIDA PASEO DE LA REFORMA,0,COLONIA GUERRERO,6300,CIUDAD DE MEXICO,Cuauhtemoc,Cuauhtemoc
CARRETERA FEDERAL MEXICO-TOLUCA,3100,COLONIA LOMAS DE MEMETLA,5330,CIUDAD DE MEXICO,Cuajimalpa de Morelos,Cuajimalpa de Morelos
CALLE CAMINO VIEJO,0,PUEBLO,SANTA CRUZ ACALPIXCA,16500,CIUDAD DE MEXICO,Xochimilco,Xochimilco
AVENIDA CANAL NACIONAL CHALCO-AMECAMECA,0,PUEBLO,SAN LUIS TLAXIALTEMALCO,16610,CIUDAD DE MEXICO,Xochimilco,Xochimilco
AVENIDA AMACUZAC,0,COLONIA,AMPLIACION SINATEL,9479,CIUDAD DE MEXICO,Iztapalapa,Iztapalapa
CALLE ALTA TENSION,0,COLONIA,TORRES DE POTRERO,1840,CIUDAD DE MEXICO,Alvaro Obregon,Alvaro Obregon
CALLE VIRGILIO URIBE,0,AMPLIACION BB,8900,CIUDAD DE MEXICO,Coyoacan,Coyoacan
CALLE PLUTARCO ELIAS CALLES,0,COLONIA SANTIAGO AHUIZOTLA,2750,CIUDAD DE MEXICO,Azcapotzalco,Azcapotzalco
CIRCUITO FRUTAS Y LEGUMBRES,0,COLONIA EJIDOS DEL MORAL,CENTRAL DE ABASTO,CENTRAL DE ABASTOS DE LA CIUDAD DE MEXICO,9040,CIUDAD DE MEXICO,Iztapalapa,Iztapalapa
CALLE MANUEL ESCANDON,0,COLONIA PEION DEL MARQUEZ,9230,CIUDAD DE MEXICO,Iztapalapa,Iztapalapa
CALZADA DE LAS BOMBAS,0,UNIDAD HABITACIONAL,CANAL NACIONAL,4480,CIUDAD DE MEXICO,Coyoacan,Coyoacan
CALLE CHIMALPOPOCA,220,COLONIA TRANSITO,6000,CIUDAD DE MEXICO,Cuauhtemoc,Cuauhtemoc
CALLE GUSTAVO DIAZ ORDAZ,0,PUEBLO SAN GREGORIO ATLAPULCO,16600,CIUDAD DE MEXICO,Xochimilco,Xochimilco
AVENIDA OCEANIA,0,COLONIA MIGUEL HIDALGO,15470,CIUDAD DE MEXICO,Venustiano Carranza,Venustiano Carranza
CALLE PLAN DE MUYUGUARDA,0,COLONIA SAN LORENZO LA CEBADA,16018,CIUDAD DE MEXICO,Xochimilco,Xochimilco
AVENIDA LA TURBA,0,COLONIA MIGUEL HIDALGO,13200,CIUDAD DE MEXICO,Tlahuac,Tlahuac
CALLE BATALLON FIJO DE VERACRUZ,0,UNIDAD HABITACIONAL,EJERCITO DE ORIENTE,9230,CIUDAD DE MEXICO,Iztapalapa,Iztapalapa
CALLE DEL PARQUE,0,COLONIA PARAJE DEL CABALLITO,1856,CIUDAD DE MEXICO,Alvaro Obregon,Alvaro Obregon
CALLE 19 DE FEBRERO,0,COLONIA,PARAJE DEL CABALLITO,1856,CIUDAD DE MEXICO,Alvaro Obregon,Alvaro Obregon
CALLE CAMINO REAL,0,COLONIA PARAJE DEL CABALLITO,1856,CIUDAD DE MEXICO,Alvaro Obregon,Alvaro Obregon
CALLE ESCARCHA (NORTE 3),0,COLONIA SAN JOSE,13020,CIUDAD DE MEXICO,Tlahuac,Tlahuac
EJE VIAL,4 ORIENTE (RÃO CHURUBUSCO),AVENIDA,CALZADA GENERAL IGNACIO ZARAGOZA,CALLE,PRIVADA DE RÃO CHURUBUSCO,CALLE,AGUA CALIENTE,0,COLONIA,PANTITLAN,,,8100,IZTACALCO,CIUDAD DE MEXICO
CALLE,NINGUNO,CALLE,JACARANDA,CALLE,OTLICA,CALLE,JACARANDA,0,PUEBLO,SANTA CRUZ ACALPIXCA,,,16500,XOCHIMILCO,CIUDAD DE MEXICO
CALLE,AZUCENA,CERRADA,SEGUNDA DE AZUCENA,CERRADA,LIRIO,CALLE,FRANCISCO VILLA,0,COLONIA,LOMAS DE CHAMONTOYA,,,1857,ALVARO OBREGON,CIUDAD DE MEXICO
AVENIDA,FRANCISCO J. MACÃN,CALLE,PEDRO GALÃN,ANDADOR,37 MACÃN,RETORNO,MARIANO ROMERO,0,COLONIA,CTM EL RISCO,,,7090,GUSTAVO A. MADERO,CIUDAD DE MEXICO
CALLE,FELIPE ÃNGELES,AVENIDA,TLÃHUAC,AVENIDA,INDEPENDENCIA,CALLE,16 DE SEPTIEMBRE,0,COLONIA,SANTIAGO ZAPOTITLAN,,,13300,TLAHUAC,CIUDAD DE MEXICO
CALLE,FELIPE ÃNGELES,CALLE,GRAN CHAPARRAL,CALLE,NINGUNO,CALLE,TETEPETONGO,0,COLONIA,LOMAS DE ZARAGOZA,,,9620,IZTAPALAPA,CIUDAD DE MEXICO
CALLE,ESTOCOLMO 1912,CALLE,LOS ÃNGELES 1932,CALLE,MÃ‰XICO 1968,CALLE,FRANCIA 1924,0,COLONIA,OLIMPICA,,,4710,COYOACAN,CIUDAD DE MEXICO
CALLE,FLORES,CALLE,DALIA,CALLEJÃ“N,PRIMER LAS FLORES,,CANAL DE AGUA,0,BARRIO,CALTONGO,,,16090,XOCHIMILCO,CIUDAD DE MEXICO
AVENIDA,PROLONGACIÃ“N RÃO CHURUBUSCO,CALLE,MAXTLA,AVENIDA,BORDO DE XOCHIACA,AVENIDA,PROLONGACIÃ“N RÃO CHURUBUSCO,0,COLONIA,ARENAL 4A SECCION,,,15640,VENUSTIANO CARRANZA,CIUDAD DE MEXICO
AVENIDA,PROLONGACIÃ“N RÃO CHURUBUSCO,CALLE,MAXTLA,AVENIDA,BORDO DE XOCHIACA,AVENIDA,PROLONGACIÃ“N RÃO CHURUBUSCO,0,COLONIA,ARENAL 4A SECCION,,,15640,VENUSTIANO CARRANZA,CIUDAD DE MEXICO
